{"\u5173\u5361 1": 10.847813367843628, "\u5173\u5361 2": 26.490742921829224, "\u5173\u5361 3": 95.79324269294739, "\u5173\u5361 4": 34.08926701545715, "\u5173\u5361 5": 6.229348182678223, "\u5173\u5361 6": 20.220860481262207}