{"\u5173\u5361 1": 70.89486646652222, "\u5173\u5361 2": 83.96658873558044, "\u5173\u5361 3": 95.79324269294739, "\u5173\u5361 4": 34.08926701545715, "\u5173\u5361 5": 6.229348182678223, "\u5173\u5361 6": 20.220860481262207}