{"\u5173\u5361 1": 13.626699447631836, "\u5173\u5361 2": 2.306980609893799, "\u5173\u5361 3": 1.8240656852722168, "\u5173\u5361 4": 1.5673460960388184, "\u5173\u5361 5": 1.9656877517700195, "\u5173\u5361 6": 1.5463271141052246, "\u5173\u5361 7": 1.3936963081359863, "\u5173\u5361 8": 1.42972731590271, "\u5173\u5361 9": 1.423722505569458, "\u5173\u5361 10": 1.8721067905426025, "\u5173\u5361 11": 1.0994434356689453, "\u5173\u5361 12": 1.5943694114685059, "\u5173\u5361 13": 2.9455294609069824, "\u5173\u5361 14": 4.286180019378662, "\u5173\u5361 15": 2.1718642711639404, "\u5173\u5361 16": 3.4239389896392822, "\u5173\u5361 17": 2.00822377204895, "\u5173\u5361 18": 4.4052817821502686, "\u5173\u5361 19": 2.155850648880005, "\u5173\u5361 20": 3.0586256980895996, "\u5173\u5361 21": 1.872607707977295}